customer_id,name,email,city,country,signup_date
1,Allison Hill,donaldgarcia@example.net,New Roberttown,Bermuda,2025-02-10
2,Lance Hoffman,lrobinson@example.com,Port Lindachester,Guam,2025-03-28
3,Tyler Rogers,jamesmichael@example.com,Lindsaymouth,Mauritania,2024-11-29
4,Jamie Arnold,barbara10@example.net,Port Keith,Belgium,2026-06-20
5,Brian Ramirez,francisco53@example.net,Jacquelineland,New Caledonia,2025-12-31
6,Nicholas Martin,onelson@example.net,Lake Mark,Seychelles,2026-04-19
7,Rodney Trujillo,nadams@example.net,Jasonfort,Indonesia,2026-07-13
8,Judy Baker,julieryan@example.net,Hurstfurt,Guyana,2025-02-11
9,Brenda Snyder PhD,hernandezernest@example.net,Carlsonfurt,Hong Kong,2025-11-30
10,Kendra Maddox DVM,frazierdanny@example.net,Kaylamouth,Bouvet Island (Bouvetoya),2025-04-09
11,Jesse Mckay,teresa28@example.org,Meaganhaven,New Caledonia,2025-01-26
12,Phillip Ryan,georgetracy@example.org,Natashaport,Dominican Republic,2024-10-08
13,Keith Miller,wcabrera@example.net,East Donna,Yemen,2025-10-26
14,Joseph Obrien,sarahcampos@example.net,Lake Larry,Paraguay,2026-01-11
15,Steven Hayes,jeffreymorgan@example.net,New Jeffrey,Barbados,2026-02-25
16,Crystal Whitehead,chad34@example.net,Lewisberg,Saint Kitts and Nevis,2026-08-21
17,Laura Sanchez,maguirre@example.org,Lake Ryanchester,Isle of Man,2025-08-22
18,Amy Valdez,brownjessica@example.org,East James,Kiribati,2024-12-11
19,Donald Wright,ramosmichelle@example.net,North Deniseside,Taiwan,2024-09-05
20,Tammy Allison,richardolson@example.com,East Nicholasfurt,Estonia,2026-08-14
21,Jordan Henderson,smoore@example.org,New Jillton,San Marino,2025-04-25
22,Kevin Shaw,brianromero@example.org,New Carlosbury,Iraq,2024-11-26
23,Laura Riley,harveyrobert@example.net,Sarahborough,Paraguay,2026-03-04
24,Derek Anderson,stephen10@example.com,North Amandahaven,Estonia,2024-12-05
25,Shirley Suarez,justin78@example.net,Cherylhaven,Algeria,2026-01-25
26,Elizabeth Alvarado,josephpreston@example.net,West Juan,Cote d'Ivoire,2026-03-05
27,Michael Farrell,dking@example.org,Calderonton,Afghanistan,2025-05-11
28,Mandy Green,barnold@example.net,North Charlesberg,Mayotte,2024-09-21
29,Lauren Hernandez,bobbydiaz@example.org,Jasonbury,Papua New Guinea,2024-11-12
30,Justin Baxter,sarayoung@example.org,South Angel,Saint Pierre and Miquelon,2026-08-13
31,Timothy Pham,josephcobb@example.org,Brennanfort,Cyprus,2025-01-27
32,Julia Torres,jeffreykeller@example.com,Joshualand,Sierra Leone,2025-03-29
33,Jordan Frazier,sheila14@example.org,Benjaminchester,Guatemala,2026-03-13
34,Jessica Joyce,cruzbarbara@example.com,Lake Ryanhaven,Uzbekistan,2026-05-13
35,Michelle Harmon,michaeljones@example.net,Cindyville,Saint Helena,2026-07-25
36,Eric Ortiz,jterry@example.org,South Elizabeth,Hong Kong,2026-02-02
37,Carrie Carroll,akelley@example.com,Jasonshire,New Caledonia,2026-01-15
38,Jeremy Lowe,yleon@example.net,Lake Christopher,Malaysia,2026-01-22
39,Frances Cardenas,emilywalker@example.org,North Brandon,Lebanon,2025-12-12
40,Angel Perry,jennifercruz@example.com,East Diana,Albania,2026-07-19
41,Patricia Rodriguez,zrobinson@example.net,Williamsbury,United States Virgin Islands,2026-06-14
42,Casey Marshall,stephanie79@example.net,Rivasside,Kiribati,2026-07-22
43,Scott Cole,maryramirez@example.net,Simsview,Kazakhstan,2024-10-24
44,Cynthia Rogers,taylorjesse@example.net,Lake Jason,Israel,2025-07-07
45,John Brown,xprice@example.net,Port Nicoleshire,Hong Kong,2025-08-30
46,Guy Molina,vmedina@example.net,South Jeffrey,Jordan,2025-09-06
47,George Shelton,dramsey@example.org,South Brittanytown,Belize,2026-01-06
48,Sean White,nicholas37@example.com,Kathleenfurt,Fiji,2026-04-01
49,Jennifer Conley,ismith@example.org,Jeffreyland,Slovakia (Slovak Republic),2026-01-13
50,Andre Wright,howelljohn@example.com,New Staciemouth,Reunion,2025-03-12
51,Carol Lawson,stricklandfrank@example.com,New Anthonyport,Morocco,2026-02-02
52,Jaime David,charlesvaughn@example.net,North Heidi,Gabon,2026-06-16
53,Renee Hogan,reedross@example.com,New Deborahtown,Thailand,2025-07-17
54,Ashley Yu,bzimmerman@example.org,Christinaside,Singapore,2025-09-04
55,Roger Vargas,melissa14@example.com,Port Steven,New Zealand,2026-01-25
56,Allen Rosales,tonykelly@example.com,Joshuaview,Moldova,2024-09-01
57,Cheryl Allen,wfreeman@example.org,Brewerfort,Kiribati,2026-05-02
58,Edward Sullivan,kevinperkins@example.com,Ronaldside,Greenland,2025-05-25
59,Denise King,griffithleslie@example.net,East Javier,Liberia,2025-03-27
60,Vanessa Warren,tina34@example.org,Harrytown,Russian Federation,2025-10-13
61,Angel Brown,heidi27@example.org,New Justinfort,Kazakhstan,2025-05-16
62,Anthony Everett,ewilson@example.com,Joneston,Canada,2024-12-18
63,Tiffany Miller,davidduran@example.net,Port Alexandra,Korea,2026-07-31
64,Scott Branch,ashley09@example.net,Port Jaredborough,Estonia,2026-01-19
65,David Arnold,aaronhayes@example.net,Carterbury,France,2026-02-25
66,Scott Jones,sandrafrench@example.net,South Danny,Czech Republic,2026-01-10
67,Derek Thomas,martinkyle@example.net,Scottmouth,Portugal,2025-04-18
68,Terri Mason,mkim@example.org,Navarroview,Anguilla,2024-11-03
69,Michael Valencia,keyemily@example.com,Port Katelynfort,Maldives,2026-01-13
70,Donald Shea,fwalters@example.org,Baileymouth,Gibraltar,2026-01-27
71,Christopher Jenkins,zroberts@example.net,South Christopherview,Gibraltar,2024-11-23
72,Jennifer Robertson,sandovalamy@example.com,East Aprilfort,Niue,2025-08-03
73,Christina Dunn,samuel71@example.org,Lake Eric,Micronesia,2024-09-04
74,Anna Gay,murraydavid@example.org,Cantuport,Malawi,2026-02-23
75,Ruben Baird,stephenthomas@example.org,Port Chad,Sierra Leone,2026-04-30
76,Gina French,lori44@example.net,Grimesmouth,Mauritania,2025-09-05
77,Juan Daniels,mcantu@example.net,New Patrick,Togo,2026-04-19
78,Evan Kennedy,qhughes@example.net,South Tammie,Brunei Darussalam,2025-09-19
79,Evelyn Garcia,dgarcia@example.org,South Monica,Cape Verde,2024-10-22
80,Wayne Morgan,vsantos@example.net,Finleyfort,Tunisia,2025-10-19
81,Barry Welch,wendy16@example.org,South Garrettport,United Kingdom,2024-09-16
82,Robert Carter,ryan38@example.com,East Gregory,New Zealand,2026-07-02
83,Michael Jimenez,jesselittle@example.com,Elizabethmouth,United Arab Emirates,2025-04-05
84,Brooke Alexander,vanessa46@example.net,Stephenport,Congo,2025-06-19
85,Ashley James,bailey40@example.net,Hillshire,Tonga,2026-02-08
86,Valerie Lozano,swall@example.org,Jefferyborough,Niger,2025-03-07
87,Michelle Hopkins,courtneyberger@example.net,West Kristinaton,Mozambique,2025-06-04
88,Ann Phillips,ithompson@example.net,Alyssaview,Switzerland,2024-12-30
89,Roger Olson,julie51@example.com,East Karenbury,Tokelau,2026-02-01
90,Veronica Coffey,christopher60@example.com,South Miguelview,Myanmar,2025-06-16
91,Teresa Rodriguez,thomasharvey@example.net,Rosebury,Oman,2024-10-13
92,Julie Haynes,cwilson@example.org,Wendyville,Bhutan,2025-02-23
93,Brandy Chavez,umatthews@example.org,Penafort,Nicaragua,2025-07-07
94,Diana Vaughn,scottsampson@example.com,Lake Michaelstad,Bahamas,2025-06-30
95,Walter Rush,ndavis@example.net,North Kristinbury,Brunei Darussalam,2026-04-28
96,Andrea Hubbard,brendali@example.org,Kimtown,Falkland Islands (Malvinas),2026-06-22
97,Dr. Kimberly Lindsey,guerreroanthony@example.org,Kristybury,Namibia,2025-05-03
98,Derek Martinez,vfox@example.org,Weststad,Malaysia,2025-11-29
99,Jonathan Dougherty,acostaregina@example.net,Stephentown,Bahamas,2025-09-01
100,Jessica Rodriguez,fjones@example.com,North David,Nigeria,2025-12-29
101,Michelle James,shawn96@example.org,Port Dianaside,Saint Helena,2026-06-28
102,Jesse Perez,maria66@example.net,West Ronaldview,Holy See (Vatican City State),2024-12-21
103,Kara Davis,daviscolin@example.net,Lisaside,Bahamas,2025-11-23
104,Kristina Santiago,qgomez@example.com,West Carolinestad,Bosnia and Herzegovina,2025-11-16
105,Brittney Olson,bellangela@example.org,Audreychester,Tanzania,2025-11-03
106,Sabrina Austin,lynchdiane@example.net,Anthonyview,Reunion,2026-04-09
107,Gerald Smith,ashleymorales@example.org,North Julieborough,Honduras,2025-07-17
108,Christopher Collins,kimberly99@example.org,East Ericton,Peru,2024-10-27
109,Matthew Tucker,nperry@example.net,West Russellport,Philippines,2026-02-02
110,Kelsey Parker,randallgreene@example.org,West Sierra,Seychelles,2024-12-09
111,Donna Wilson,lburgess@example.org,Patelbury,Macao,2025-11-01
112,Renee Jones,grahamsteve@example.org,Barbarashire,Iraq,2026-02-27
113,Donna Sullivan,george97@example.net,Christopherville,Ecuador,2025-07-29
114,Kelly Foster,julie35@example.org,New Cynthiahaven,Malawi,2025-01-22
115,Hannah Luna,joelthomas@example.org,New Eric,Senegal,2026-01-16
116,Trevor Burton,wwebster@example.net,Maldonadoshire,Norway,2025-12-31
117,Mrs. Tricia Stewart,cjones@example.net,Laurashire,Azerbaijan,2025-05-25
118,Emily Hayes,woodjustin@example.net,New Brookefurt,Kyrgyz Republic,2025-11-18
119,Rebecca Huang,kstout@example.net,West Cassidy,Macao,2024-12-20
120,Joanna Shepherd,toni18@example.net,North John,Kazakhstan,2025-08-01
121,Lisa Cox,paul59@example.org,Cameronville,Moldova,2026-02-02
122,David York,mathewaguilar@example.org,Kylefurt,Bulgaria,2025-11-30
123,Angela Hansen,lisa81@example.net,Romerotown,Guyana,2025-04-21
124,Daniel Meza,ilee@example.org,West Meganville,Madagascar,2026-04-15
125,Nancy Rose,nancy92@example.net,Mooreburgh,Switzerland,2026-02-14
126,Rhonda Martin,xwilliams@example.net,South Cheryl,Sao Tome and Principe,2026-03-29
127,Cynthia Allen,mmckee@example.com,Murrayport,Slovakia (Slovak Republic),2025-06-17
128,Jennifer Martin,laurietaylor@example.com,Lake Timothystad,Micronesia,2026-08-20
129,Ryan Rosales,christopher24@example.com,Port Samuel,Yemen,2026-08-02
130,Jerry Bailey,perryrandy@example.com,South Virginia,Holy See (Vatican City State),2025-02-15
131,Timothy Combs,lacey20@example.com,Hortonberg,Senegal,2026-02-24
132,Luis Bullock,scottmary@example.net,Rodriguezport,Dominica,2025-04-15
133,David Fowler,fbrown@example.net,Lake Zacharybury,Saint Barthelemy,2024-12-14
134,Aaron Gomez,qlopez@example.org,Carloshaven,Mayotte,2025-09-23
135,Katie Smith,ywilliams@example.com,Juliestad,Solomon Islands,2024-10-16
136,Nicholas Fuller,dennis58@example.com,Port Kimberly,Kyrgyz Republic,2026-02-16
137,Clarence Taylor,mjohnson@example.org,North Leslie,Georgia,2025-09-29
138,Robert Kennedy,mullinsjames@example.com,Port Dianaview,British Virgin Islands,2026-05-07
139,Steve Paul,lmorgan@example.com,Richardsonhaven,Ethiopia,2026-05-09
140,Jeff Jordan,amymorris@example.org,Donnaport,Kiribati,2025-12-06
141,Carol Wallace,wwilliams@example.net,Hillton,Belarus,2026-01-28
142,Heidi Owen,stephaniethomas@example.net,Johnsonland,Dominica,2026-04-21
143,Heidi Herring,jacobserika@example.com,Scottland,Montserrat,2024-12-09
144,Jennifer Banks,susanjohnson@example.org,Holmesside,British Indian Ocean Territory (Chagos Archipelago),2025-03-16
145,Michele Lewis,heather73@example.org,Port Charles,China,2026-07-24
146,Yolanda Cochran,elizabeth18@example.net,Patriciaburgh,Rwanda,2026-02-27
147,Marcia Leon,davidharris@example.org,Port Troy,Guyana,2025-10-29
148,Julie Bird,cherylmiller@example.com,Keyfort,Malta,2025-07-10
149,Samantha Jones,dawn77@example.net,Davidside,Northern Mariana Islands,2025-11-24
150,Vincent Reynolds,guerraapril@example.com,East Marcus,Russian Federation,2025-02-16
151,Todd Jacobson,kingcynthia@example.net,Davidport,Nicaragua,2025-10-13
152,Martin Vargas,georgeweber@example.net,Meganshire,Armenia,2026-05-27
153,Angela Fry,debra96@example.net,South Pamelaside,French Guiana,2026-01-05
154,Karen Ballard,eevans@example.net,East Scottfort,Kyrgyz Republic,2025-01-30
155,Charles Hensley,jessica56@example.org,Zacharyville,Ghana,2025-02-28
156,Derek Wright,williamssonia@example.net,Wrightburgh,Suriname,2025-05-06
157,Michelle Lee,tyronerobertson@example.com,Tylerland,Western Sahara,2025-06-26
158,Tracy Lewis,brandon47@example.net,Mitchelltown,Tanzania,2024-11-16
159,Stephen Luna,zdiaz@example.org,West Angela,Barbados,2025-06-21
160,Pamela Ramirez,andersoncolin@example.com,Angelastad,Saudi Arabia,2024-12-15
161,Jordan Porter,williamsjennifer@example.com,Hernandezhaven,Burundi,2025-05-06
162,Emily Long,brittney88@example.net,Ericksonport,Lebanon,2026-05-20
163,Gary Rodriguez,ysilva@example.net,New Thomasshire,Morocco,2025-02-17
164,Lauren Jackson,rhernandez@example.org,New Stacyville,Comoros,2024-09-08
165,Jason Gutierrez,roberthampton@example.com,Lake Devinborough,Monaco,2025-05-04
166,Mrs. Jamie Frye DDS,amy49@example.com,East Joshua,French Southern Territories,2025-02-15
167,Vickie Wise,hannahburns@example.com,Annview,France,2024-11-27
168,Kimberly Huang,xcardenas@example.org,Bobbyland,Guatemala,2026-08-12
169,David Mendoza,marianelson@example.net,Derrickshire,Dominican Republic,2025-03-01
170,Taylor Perez,briangutierrez@example.net,Garciaberg,Albania,2025-10-26
171,Brooke Delgado,mwoods@example.com,Justinton,United States of America,2026-04-14
172,Kenneth Nichols,gentrygregory@example.org,Port Randyfort,Colombia,2026-08-22
173,Shelia Roberts,smithashley@example.org,Justinside,Malta,2025-09-12
174,Brandi Gordon,james15@example.org,Wongburgh,American Samoa,2026-03-20
175,Edward Craig,gregorychase@example.com,Robertsonland,Iran,2026-01-26
176,William Woods,adamreyes@example.com,Stephanieport,Myanmar,2026-03-09
177,Deborah Ward,bryanwilson@example.com,South Gina,Uzbekistan,2026-07-21
178,Patricia Vaughn,michael33@example.org,Hernandezstad,Israel,2026-02-21
179,Kaitlin Medina,kathleenbecker@example.net,New Seanstad,Belarus,2026-08-07
180,Amy Kelley,ashleyhernandez@example.com,Wilsonborough,Saint Barthelemy,2025-11-20
181,Steven Griffin Jr.,williambryant@example.org,Chambersport,Saint Kitts and Nevis,2024-09-10
182,Robert Reese,williamsmelvin@example.org,North Valeriefort,Antigua and Barbuda,2025-04-04
183,Randy Cannon,ybrooks@example.com,Bennettside,Burkina Faso,2026-01-14
184,Barbara Haney,urice@example.org,Port Andrewport,Kyrgyz Republic,2026-01-30
185,Jessica Gray,johnreed@example.com,Lake Kathy,Antigua and Barbuda,2026-05-15
186,Lisa Mayer,allencarlos@example.net,South Carlaton,Ecuador,2026-03-23
187,Jeffrey Fernandez,taylorvictoria@example.org,Barbaramouth,Dominica,2025-04-16
188,Victoria Boyd,dturner@example.net,Lake Erika,Moldova,2025-09-13
189,Gregory Schneider,ufloyd@example.net,Russellport,Honduras,2025-01-14
190,Kara Atkinson,meredith27@example.org,Faulknerside,Marshall Islands,2024-12-07
191,David Rivera,nielsenmelanie@example.org,North Joseph,Peru,2025-12-07
192,Shelly Lopez,timothybooth@example.com,Susantown,Croatia,2026-08-22
193,Patrick Burgess,srocha@example.net,South Rose,Micronesia,2025-05-01
194,Jamie Ferguson,kyle58@example.com,Garciafort,Senegal,2026-06-08
195,Dale Edwards,hartjeffrey@example.org,West Angelashire,Mozambique,2026-03-07
196,Christian Rivera,phudson@example.com,Jonathanfort,Saint Kitts and Nevis,2026-01-05
197,Julia Oconnor,gary87@example.org,New Arthurland,Western Sahara,2026-05-22
198,Pamela Gutierrez,carloshernandez@example.org,Brooksfort,Palestinian Territory,2025-09-07
199,Joseph Jenkins,morenojoshua@example.com,New Lisachester,Sri Lanka,2026-08-24
200,Ashley Davis,johnharvey@example.com,Josephfurt,Belgium,2025-06-10
