order_id,customer_id,product_id,quantity,order_date,status
1,120,39,4,2026-03-11,completed
2,185,44,1,2026-06-05,completed
3,165,50,3,2026-05-27,completed
4,117,11,4,2026-01-23,completed
5,46,49,5,2026-01-07,completed
6,130,41,3,2025-10-19,completed
7,42,49,3,2025-11-12,completed
8,83,39,1,2026-05-24,completed
9,62,20,3,2025-10-22,completed
10,188,6,1,2026-06-12,completed
11,33,50,5,2025-09-30,completed
12,68,11,5,2026-04-26,completed
13,139,14,4,2026-07-02,pending
14,80,46,2,2026-08-14,completed
15,133,29,3,2026-08-04,completed
16,87,5,2,2025-12-30,completed
17,57,38,2,2026-06-05,completed
18,18,15,1,2026-08-23,cancelled
19,61,33,1,2026-02-11,completed
20,34,35,2,2026-05-01,completed
21,63,31,5,2026-06-14,pending
22,25,7,2,2026-03-22,completed
23,120,27,4,2026-02-23,cancelled
24,104,4,1,2025-09-22,completed
25,49,13,2,2025-10-20,completed
26,72,12,4,2025-11-05,completed
27,26,36,4,2025-10-03,completed
28,193,6,1,2026-05-29,pending
29,124,32,4,2025-11-19,completed
30,98,11,1,2026-03-19,completed
31,74,30,3,2026-03-13,completed
32,49,10,4,2026-06-06,completed
33,139,48,5,2025-09-24,completed
34,150,4,1,2026-02-02,completed
35,131,4,2,2026-05-24,completed
36,18,39,1,2025-11-29,completed
37,146,8,4,2025-12-24,completed
38,21,40,1,2026-06-26,completed
39,81,34,5,2026-06-20,cancelled
40,68,16,3,2025-12-08,completed
41,81,30,3,2026-08-04,cancelled
42,160,30,1,2025-10-02,returned
43,55,35,1,2025-10-16,completed
44,63,5,3,2025-11-01,completed
45,181,35,4,2025-11-14,completed
46,171,1,5,2026-07-26,pending
47,68,9,1,2026-01-26,completed
48,70,10,5,2025-10-19,completed
49,176,14,3,2025-12-11,completed
50,65,32,5,2026-01-08,cancelled
51,109,41,1,2025-09-21,pending
52,198,22,1,2025-09-17,completed
53,114,48,2,2026-01-07,completed
54,29,1,5,2026-04-01,completed
55,10,35,2,2026-08-14,pending
56,111,10,5,2026-06-20,completed
57,92,3,3,2026-01-30,completed
58,200,23,1,2025-12-31,completed
59,40,48,5,2026-03-22,cancelled
60,106,12,2,2025-12-25,completed
61,189,43,4,2026-02-12,pending
62,28,45,2,2026-01-09,completed
63,52,15,4,2025-09-14,pending
64,59,20,3,2026-04-18,completed
65,85,26,2,2026-07-29,completed
66,165,23,3,2025-09-30,completed
67,8,22,5,2026-08-08,completed
68,68,38,2,2026-01-06,completed
69,187,23,4,2026-06-27,pending
70,30,33,5,2026-04-06,completed
71,12,17,2,2026-06-17,completed
72,176,35,5,2025-08-26,completed
73,111,24,2,2026-08-04,completed
74,81,40,3,2026-08-01,completed
75,80,33,3,2025-10-28,completed
76,76,45,4,2026-02-09,completed
77,98,43,4,2025-12-02,completed
78,78,37,5,2025-11-23,completed
79,54,19,3,2025-08-26,completed
80,83,42,5,2026-06-18,completed
81,122,33,2,2026-04-09,pending
82,132,19,1,2025-11-20,completed
83,193,6,3,2026-07-09,completed
84,38,13,2,2026-01-31,completed
85,197,40,4,2025-12-29,completed
86,184,13,5,2026-03-26,completed
87,38,16,4,2026-05-06,completed
88,109,50,1,2025-08-28,completed
89,13,30,5,2026-08-17,completed
90,119,9,4,2025-10-27,completed
91,194,21,5,2026-06-08,cancelled
92,141,28,5,2026-07-05,completed
93,67,29,4,2025-11-15,pending
94,200,50,3,2026-07-18,completed
95,113,18,2,2026-07-12,completed
96,86,18,2,2026-01-19,completed
97,39,9,1,2026-05-29,completed
98,55,46,2,2026-08-16,completed
99,120,35,3,2026-03-22,completed
100,198,25,4,2025-12-09,completed
101,148,49,1,2026-08-17,completed
102,193,20,3,2025-08-29,completed
103,189,48,5,2026-03-28,completed
104,57,32,2,2026-06-30,completed
105,87,25,1,2026-05-01,completed
106,33,30,2,2026-03-21,returned
107,152,26,1,2026-05-26,completed
108,110,42,1,2025-09-08,completed
109,67,4,2,2026-04-19,completed
110,87,21,4,2025-12-12,pending
111,108,49,3,2026-03-08,completed
112,192,2,4,2025-10-06,completed
113,18,42,2,2026-02-21,pending
114,8,49,1,2026-07-25,cancelled
115,40,40,1,2025-12-06,completed
116,56,37,1,2026-04-25,completed
117,156,11,3,2026-01-04,completed
118,28,20,2,2025-10-23,completed
119,97,44,5,2026-02-01,completed
120,177,38,1,2025-12-05,pending
121,198,45,1,2025-12-28,completed
122,145,8,5,2026-08-11,pending
123,170,28,5,2026-02-19,completed
124,108,1,3,2026-05-12,pending
125,163,24,4,2025-10-19,cancelled
126,46,28,2,2026-04-18,completed
127,138,40,3,2026-07-25,pending
128,152,47,4,2026-04-21,completed
129,116,18,1,2025-12-29,completed
130,172,40,5,2026-04-20,completed
131,47,21,4,2025-09-09,completed
132,72,22,3,2026-02-23,cancelled
133,3,36,3,2026-08-20,completed
134,185,16,1,2025-12-01,completed
135,122,45,2,2026-06-06,completed
136,24,2,4,2026-05-04,completed
137,170,20,2,2026-03-21,completed
138,89,34,5,2026-04-25,completed
139,180,23,3,2026-06-03,completed
140,31,15,3,2026-01-29,completed
141,138,48,1,2026-02-03,returned
142,56,13,2,2026-08-14,completed
143,135,49,5,2026-01-14,completed
144,59,19,2,2025-10-16,completed
145,137,46,1,2026-01-27,completed
146,75,36,1,2025-09-18,completed
147,4,7,4,2025-10-29,completed
148,88,29,4,2026-04-23,completed
149,30,31,3,2025-09-21,pending
150,148,5,4,2026-03-19,completed
151,145,10,2,2025-09-22,cancelled
152,143,8,2,2025-10-08,pending
153,58,40,5,2026-07-02,pending
154,77,29,4,2026-03-08,cancelled
155,159,37,3,2026-04-02,completed
156,55,41,2,2025-10-15,completed
157,45,16,2,2025-10-06,completed
158,116,27,1,2025-11-14,completed
159,60,3,3,2026-04-23,completed
160,176,5,4,2026-01-17,completed
161,51,43,5,2026-01-08,completed
162,39,42,2,2026-05-31,cancelled
163,43,4,1,2025-11-06,pending
164,113,19,5,2026-06-26,completed
165,104,45,3,2026-08-13,cancelled
166,113,32,5,2026-05-09,completed
167,83,48,4,2025-09-15,completed
168,173,15,1,2025-09-08,pending
169,196,2,5,2026-06-16,completed
170,196,3,5,2026-01-10,pending
171,114,42,5,2026-04-23,cancelled
172,163,28,5,2025-11-26,pending
173,105,23,4,2025-10-11,completed
174,85,11,1,2026-08-04,completed
175,103,43,3,2026-05-06,pending
176,23,30,1,2026-06-03,completed
177,104,50,1,2026-02-07,cancelled
178,106,30,5,2025-08-26,completed
179,194,40,3,2026-05-18,completed
180,69,14,1,2026-04-09,completed
181,125,45,4,2026-01-20,completed
182,182,16,5,2026-07-14,completed
183,105,36,1,2026-06-04,completed
184,166,8,4,2025-10-23,pending
185,181,33,3,2026-05-08,completed
186,117,16,4,2026-04-30,completed
187,131,39,2,2026-03-10,completed
188,198,18,1,2025-11-03,pending
189,69,33,3,2026-03-26,pending
190,149,38,3,2026-01-17,returned
191,138,29,2,2026-05-03,completed
192,140,49,5,2026-02-12,completed
193,62,45,2,2026-02-06,completed
194,82,3,4,2025-12-23,completed
195,170,25,4,2026-08-22,pending
196,10,32,2,2026-07-25,completed
197,113,7,3,2026-06-24,completed
198,37,47,1,2026-04-16,completed
199,121,5,2,2026-07-27,pending
200,178,40,3,2026-01-08,completed
201,137,44,3,2025-10-06,completed
202,10,35,4,2026-02-04,completed
203,192,15,3,2025-12-24,completed
204,43,29,1,2025-10-15,completed
205,15,21,1,2025-09-09,completed
206,63,10,4,2026-03-05,completed
207,45,11,2,2026-06-11,completed
208,62,44,5,2026-03-09,completed
209,119,15,2,2026-06-20,completed
210,3,43,3,2026-04-18,cancelled
211,140,44,3,2026-04-21,completed
212,77,38,3,2026-04-09,completed
213,78,30,3,2026-03-31,completed
214,61,7,4,2026-03-10,completed
215,180,19,5,2026-02-25,completed
216,3,18,4,2026-07-29,completed
217,191,39,1,2026-08-12,completed
218,91,39,2,2026-01-19,completed
219,174,17,5,2025-12-01,pending
220,25,41,2,2026-07-29,cancelled
221,113,20,1,2026-07-22,completed
222,76,6,2,2026-02-28,completed
223,34,13,2,2026-03-26,pending
224,70,33,5,2026-03-01,pending
225,192,19,4,2026-01-04,cancelled
226,37,5,4,2025-10-23,pending
227,94,36,4,2025-12-19,completed
228,138,17,1,2026-03-16,completed
229,98,38,3,2026-03-02,pending
230,60,44,1,2026-03-04,completed
231,157,21,5,2026-07-09,completed
232,78,45,4,2025-09-27,completed
233,10,3,2,2025-10-24,completed
234,61,7,1,2026-05-05,cancelled
235,95,30,4,2025-11-03,completed
236,151,27,5,2026-08-17,completed
237,26,42,4,2025-11-13,pending
238,9,18,4,2026-07-07,completed
239,61,29,4,2025-12-15,cancelled
240,166,35,3,2025-10-15,completed
241,32,13,3,2026-03-17,cancelled
242,55,43,1,2026-04-15,completed
243,86,4,1,2026-06-27,completed
244,18,14,5,2025-10-29,pending
245,56,38,2,2026-06-05,pending
246,38,50,3,2025-12-23,pending
247,38,18,1,2026-06-27,returned
248,29,12,3,2026-05-29,completed
249,92,1,2,2025-09-08,pending
250,5,21,5,2025-12-25,completed
251,108,48,2,2025-09-21,completed
252,200,29,4,2025-09-27,completed
253,129,29,1,2026-06-25,completed
254,169,47,1,2026-07-06,completed
255,123,4,1,2026-04-17,pending
256,183,32,1,2026-04-01,cancelled
257,156,21,1,2025-10-02,completed
258,163,40,3,2025-10-29,completed
259,153,25,3,2026-08-25,completed
260,111,39,5,2026-04-15,completed
261,167,42,1,2026-08-20,cancelled
262,116,28,2,2026-06-04,cancelled
263,103,30,3,2026-03-25,completed
264,81,28,3,2025-10-13,completed
265,122,44,2,2026-03-05,completed
266,25,28,1,2025-10-08,completed
267,16,36,2,2026-03-04,completed
268,172,22,5,2026-06-09,completed
269,14,47,4,2026-02-23,returned
270,27,23,3,2026-06-29,completed
271,124,43,2,2025-12-12,completed
272,95,36,3,2025-10-20,completed
273,110,15,5,2026-01-15,pending
274,165,44,5,2026-07-10,completed
275,47,2,3,2026-07-03,completed
276,2,23,3,2026-01-31,completed
277,103,43,5,2025-11-07,completed
278,192,6,1,2026-07-16,completed
279,88,30,4,2026-03-06,completed
280,146,50,3,2026-02-01,completed
281,194,11,2,2025-09-21,completed
282,114,18,1,2026-08-06,completed
283,107,29,5,2026-05-01,completed
284,111,23,1,2026-05-15,completed
285,135,32,5,2026-08-08,completed
286,154,26,2,2025-09-18,completed
287,197,14,3,2025-12-08,completed
288,31,21,3,2026-01-03,completed
289,98,9,2,2026-04-03,completed
290,172,36,5,2025-12-21,pending
291,11,48,4,2025-10-01,completed
292,148,21,1,2026-04-18,completed
293,30,19,4,2026-03-21,completed
294,118,40,2,2026-02-08,pending
295,28,28,1,2026-02-27,completed
296,21,34,4,2026-06-23,completed
297,86,15,3,2026-01-31,pending
298,30,41,5,2025-10-04,completed
299,187,23,3,2025-12-03,returned
300,27,16,2,2026-07-22,completed
301,40,39,2,2025-12-05,pending
302,198,12,1,2026-07-27,completed
303,149,49,5,2026-04-20,completed
304,161,21,5,2026-06-11,completed
305,114,31,1,2026-04-08,completed
306,91,4,5,2026-01-13,completed
307,10,29,4,2026-01-31,completed
308,24,42,1,2026-01-19,completed
309,149,30,4,2026-05-12,completed
310,167,37,4,2025-09-16,completed
311,39,33,4,2026-07-01,returned
312,183,22,1,2026-04-13,completed
313,64,3,2,2026-07-22,completed
314,157,34,5,2026-04-07,completed
315,105,25,3,2026-03-04,pending
316,162,4,5,2026-08-08,completed
317,143,7,3,2025-09-28,completed
318,169,47,3,2026-01-18,returned
319,21,22,2,2026-06-30,completed
320,168,20,3,2025-11-06,completed
321,182,39,2,2026-03-14,cancelled
322,165,25,5,2026-01-31,pending
323,166,6,5,2025-10-30,completed
324,93,2,3,2026-05-13,completed
325,125,50,3,2025-12-13,completed
326,76,5,2,2025-11-04,pending
327,139,50,5,2025-10-16,pending
328,87,43,1,2026-05-22,cancelled
329,97,39,2,2026-07-08,completed
330,185,11,5,2025-11-26,completed
331,185,44,3,2026-03-24,completed
332,193,19,5,2026-04-10,completed
333,62,35,2,2026-04-12,completed
334,174,24,2,2026-04-23,cancelled
335,73,50,4,2026-04-08,pending
336,42,27,5,2026-05-10,pending
337,14,17,2,2026-07-01,completed
338,183,7,5,2026-03-04,pending
339,196,6,3,2025-10-28,completed
340,112,10,5,2026-04-13,completed
341,7,23,4,2025-12-17,completed
342,61,24,5,2026-03-16,completed
343,8,15,3,2025-10-06,completed
344,36,10,3,2025-10-15,completed
345,181,49,2,2026-04-24,completed
346,5,6,1,2026-07-07,completed
347,156,47,5,2025-11-10,completed
348,78,16,3,2025-10-21,completed
349,160,41,4,2025-12-26,completed
350,138,39,4,2025-10-21,completed
351,184,16,5,2026-05-16,completed
352,91,40,1,2026-04-02,completed
353,172,43,2,2026-03-27,completed
354,140,34,1,2026-02-26,completed
355,100,2,5,2026-05-12,cancelled
356,65,24,4,2025-09-17,completed
357,62,23,1,2026-02-24,completed
358,149,50,1,2026-07-13,completed
359,91,3,2,2026-02-12,completed
360,176,50,2,2026-07-21,completed
361,47,41,4,2026-08-17,pending
362,76,3,4,2025-09-27,completed
363,80,21,1,2025-12-06,completed
364,10,17,4,2026-05-31,pending
365,200,23,3,2025-12-01,completed
366,32,18,3,2026-07-27,pending
367,113,48,4,2026-04-06,cancelled
368,128,12,3,2026-03-11,completed
369,22,18,5,2026-03-02,completed
370,47,39,4,2025-10-05,completed
371,84,6,1,2026-02-06,completed
372,184,39,4,2026-01-29,completed
373,115,23,4,2026-08-14,completed
374,71,28,5,2026-02-22,completed
375,164,43,1,2025-09-24,completed
376,37,2,2,2026-05-15,pending
377,33,3,4,2026-08-08,completed
378,99,24,3,2026-07-22,cancelled
379,174,10,5,2025-09-11,completed
380,196,29,3,2026-03-03,completed
381,102,24,5,2025-11-04,completed
382,7,8,2,2026-01-15,completed
383,144,25,5,2026-05-08,completed
384,157,14,4,2026-01-06,completed
385,35,8,2,2026-05-04,cancelled
386,114,46,2,2026-04-14,returned
387,89,43,3,2026-08-10,completed
388,77,19,5,2026-06-03,cancelled
389,131,24,2,2026-08-25,completed
390,127,16,2,2025-12-06,completed
391,120,24,5,2026-06-05,pending
392,23,40,2,2026-06-04,completed
393,106,34,4,2026-03-17,pending
394,82,9,1,2026-06-16,completed
395,133,44,4,2026-04-13,completed
396,197,12,5,2026-06-04,returned
397,32,4,5,2026-04-04,completed
398,83,11,2,2026-01-28,cancelled
399,73,34,3,2025-12-19,pending
400,142,41,2,2026-01-01,completed
401,137,40,3,2026-07-12,completed
402,149,38,2,2026-07-20,completed
403,155,47,5,2026-07-29,completed
404,21,2,1,2026-06-10,completed
405,167,17,5,2026-07-20,completed
406,164,40,4,2026-06-14,completed
407,165,19,5,2026-07-13,returned
408,104,44,2,2026-04-30,completed
409,113,11,1,2025-10-02,completed
410,156,22,2,2026-04-20,completed
411,34,26,3,2026-02-05,pending
412,82,7,5,2026-05-16,completed
413,64,29,3,2025-10-27,completed
414,158,25,3,2025-09-20,completed
415,185,37,3,2025-11-15,completed
416,120,33,4,2025-11-15,completed
417,24,2,4,2026-01-30,cancelled
418,56,16,4,2026-05-11,completed
419,127,19,1,2025-09-19,completed
420,138,19,4,2026-07-26,completed
421,68,9,4,2025-10-20,completed
422,103,3,3,2026-03-20,completed
423,142,24,2,2026-06-09,completed
424,196,29,5,2026-03-11,completed
425,33,8,5,2026-07-11,returned
426,143,22,3,2026-03-15,cancelled
427,131,39,2,2025-11-07,completed
428,36,3,1,2025-09-15,completed
429,39,30,5,2026-04-25,completed
430,157,21,2,2026-05-16,completed
431,77,48,5,2026-03-15,completed
432,126,35,5,2026-05-12,completed
433,95,2,4,2026-01-26,completed
434,79,38,4,2025-10-21,pending
435,122,39,1,2026-08-13,completed
436,59,37,5,2026-07-27,completed
437,135,11,4,2026-06-20,completed
438,175,10,4,2026-07-09,completed
439,5,13,1,2026-06-15,completed
440,177,27,2,2026-03-28,completed
441,189,31,5,2026-05-09,completed
442,54,34,2,2026-08-22,completed
443,97,34,4,2026-07-31,completed
444,88,35,4,2025-11-22,completed
445,124,40,3,2026-08-07,completed
446,77,36,3,2025-12-30,completed
447,54,46,3,2026-01-25,completed
448,90,31,3,2026-05-03,completed
449,147,8,3,2026-01-13,completed
450,198,23,4,2026-03-08,pending
451,183,19,1,2026-01-21,completed
452,123,48,3,2026-04-09,completed
453,179,36,3,2026-05-28,completed
454,151,48,5,2025-10-20,completed
455,164,15,5,2025-09-20,completed
456,184,22,4,2025-10-16,completed
457,141,1,2,2026-08-09,returned
458,122,42,4,2025-11-14,completed
459,74,21,3,2025-12-06,completed
460,137,15,5,2025-10-10,completed
461,46,27,2,2025-09-14,cancelled
462,48,32,4,2025-09-13,cancelled
463,77,1,1,2026-01-21,completed
464,117,19,3,2025-10-19,returned
465,35,32,5,2026-05-31,cancelled
466,29,13,3,2026-04-22,completed
467,48,46,3,2026-04-17,completed
468,173,37,3,2026-02-14,pending
469,104,41,5,2025-11-23,pending
470,103,6,3,2026-05-16,completed
471,83,31,2,2025-11-28,cancelled
472,61,25,3,2025-08-29,completed
473,150,20,3,2026-01-09,completed
474,93,42,3,2025-08-31,completed
475,79,30,1,2025-09-26,completed
476,198,46,5,2026-08-12,completed
477,158,24,3,2025-10-25,completed
478,117,10,4,2025-11-02,completed
479,180,27,3,2026-07-02,completed
480,56,43,5,2026-04-24,pending
481,135,6,5,2026-08-09,completed
482,145,5,3,2026-08-21,completed
483,147,13,5,2026-06-02,completed
484,114,34,3,2025-11-18,completed
485,24,32,5,2025-12-09,cancelled
486,34,30,1,2026-04-11,completed
487,144,4,5,2026-04-16,completed
488,66,26,1,2026-01-30,pending
489,12,5,5,2025-12-15,completed
490,16,35,1,2026-08-19,cancelled
491,74,3,4,2025-09-30,completed
492,98,24,4,2025-11-03,completed
493,175,6,4,2026-03-07,returned
494,90,42,2,2026-05-29,completed
495,33,34,4,2026-05-28,completed
496,6,49,1,2025-12-18,returned
497,137,28,5,2026-04-20,completed
498,89,30,2,2025-12-21,completed
499,170,3,1,2025-11-30,completed
500,18,14,2,2025-09-03,completed
501,173,39,4,2025-09-12,completed
502,12,48,2,2025-09-19,completed
503,194,14,5,2025-12-23,cancelled
504,75,33,2,2025-09-23,completed
505,154,37,3,2026-06-16,pending
506,37,20,2,2026-02-06,returned
507,77,27,2,2026-05-19,completed
508,45,48,5,2026-06-07,completed
509,13,32,5,2026-04-01,returned
510,82,34,4,2026-07-21,completed
511,97,20,2,2026-03-23,completed
512,58,16,4,2026-05-28,completed
513,15,30,2,2026-08-23,completed
514,35,34,5,2026-03-27,completed
515,166,22,2,2026-01-03,completed
516,138,6,3,2026-04-13,completed
517,97,18,1,2025-12-01,completed
518,49,5,1,2026-06-30,pending
519,123,14,5,2026-06-22,completed
520,55,1,3,2026-02-12,cancelled
521,179,16,4,2025-10-25,completed
522,142,16,4,2025-12-08,completed
523,137,30,4,2026-01-17,completed
524,132,24,3,2026-01-30,cancelled
525,121,47,1,2026-04-21,pending
526,81,24,2,2026-02-05,completed
527,38,48,2,2026-06-10,completed
528,185,38,5,2026-06-05,completed
529,59,22,2,2025-11-12,completed
530,168,36,4,2025-12-29,cancelled
531,126,49,3,2026-02-14,returned
532,44,30,4,2026-07-20,completed
533,185,9,2,2026-02-22,completed
534,16,42,5,2025-11-28,completed
535,2,49,1,2025-10-03,completed
536,182,5,2,2026-07-14,completed
537,96,30,5,2025-12-15,completed
538,169,31,5,2026-07-18,completed
539,106,36,5,2025-08-29,completed
540,74,35,3,2026-05-24,completed
541,28,12,4,2026-08-18,cancelled
542,50,16,2,2026-05-21,completed
543,102,18,3,2026-01-02,completed
544,63,37,4,2026-03-21,returned
545,21,44,3,2025-12-19,completed
546,104,6,1,2026-07-24,completed
547,164,4,4,2026-06-04,completed
548,112,32,1,2025-11-21,completed
549,136,7,5,2026-02-11,cancelled
550,146,45,2,2025-12-21,completed
551,72,44,1,2025-09-18,cancelled
552,81,12,1,2026-06-10,completed
553,193,10,5,2025-12-10,pending
554,42,20,1,2026-03-17,completed
555,139,44,4,2026-06-12,completed
556,191,33,1,2025-11-05,returned
557,60,28,1,2025-09-22,pending
558,158,50,5,2026-02-16,returned
559,163,2,3,2026-03-17,completed
560,92,15,4,2026-04-13,completed
561,175,12,4,2026-03-06,completed
562,159,50,1,2026-03-08,completed
563,69,6,1,2025-12-30,completed
564,100,48,2,2026-08-25,completed
565,79,1,1,2025-10-19,completed
566,23,9,1,2026-01-11,completed
567,132,36,5,2026-04-12,completed
568,142,23,1,2025-09-08,completed
569,4,25,3,2026-06-28,completed
570,144,47,1,2026-03-12,cancelled
571,44,34,5,2025-12-28,completed
572,78,18,2,2025-11-20,completed
573,112,11,1,2025-11-08,completed
574,93,5,4,2026-01-26,completed
575,158,39,4,2025-12-30,completed
576,2,20,2,2025-10-19,cancelled
577,85,25,5,2026-02-12,completed
578,77,9,5,2026-04-03,completed
579,81,31,2,2026-08-16,completed
580,189,19,3,2026-03-17,completed
581,84,16,5,2026-05-04,completed
582,145,8,3,2026-03-15,completed
583,197,44,2,2026-06-01,completed
584,75,29,2,2026-04-19,pending
585,128,44,4,2025-09-30,completed
586,169,17,2,2026-01-28,completed
587,115,5,4,2026-03-30,returned
588,137,26,5,2026-04-28,completed
589,10,35,4,2026-08-15,pending
590,164,39,5,2026-02-26,cancelled
591,171,43,2,2025-10-20,completed
592,145,3,5,2026-07-23,returned
593,85,49,4,2026-08-07,returned
594,26,1,1,2026-04-03,completed
595,149,36,5,2026-05-14,completed
596,101,24,4,2025-12-17,completed
597,129,45,5,2026-08-08,completed
598,76,7,4,2025-09-07,completed
599,37,47,1,2025-10-08,completed
600,134,14,4,2026-02-17,completed
601,185,29,1,2026-04-26,completed
602,12,20,1,2026-02-05,pending
603,166,22,1,2025-10-23,completed
604,45,34,2,2025-11-18,completed
605,119,28,5,2026-02-11,completed
606,164,12,2,2026-03-21,completed
607,158,48,1,2026-03-16,cancelled
608,100,28,5,2026-04-13,completed
609,193,18,2,2025-12-13,completed
610,138,7,5,2025-09-27,completed
611,30,30,2,2026-02-08,completed
612,81,41,5,2026-05-03,completed
613,30,38,4,2026-07-04,completed
614,173,12,5,2026-04-17,completed
615,22,38,5,2026-01-25,completed
616,79,16,1,2026-02-02,completed
617,100,33,2,2026-03-05,completed
618,109,25,5,2025-11-04,completed
619,166,45,5,2026-07-17,cancelled
620,126,11,5,2025-11-22,completed
621,159,29,3,2025-11-29,completed
622,35,32,1,2026-02-25,completed
623,168,33,5,2026-03-10,completed
624,182,27,4,2026-08-11,pending
625,145,6,2,2026-05-03,completed
626,71,3,3,2025-12-16,completed
627,118,50,2,2026-01-20,completed
628,29,33,5,2026-05-06,completed
629,139,24,5,2026-01-10,pending
630,56,35,4,2025-09-16,returned
631,9,20,2,2025-10-17,completed
632,31,29,1,2026-02-20,pending
633,151,48,2,2025-12-25,completed
634,110,41,5,2026-08-24,completed
635,16,14,2,2025-11-05,completed
636,138,39,3,2026-05-25,completed
637,147,19,3,2026-08-21,completed
638,193,9,1,2026-05-16,pending
639,33,42,3,2025-09-25,completed
640,183,10,2,2025-11-01,completed
641,37,32,4,2025-12-30,completed
642,116,25,4,2026-01-10,completed
643,192,33,4,2025-10-12,completed
644,84,32,4,2026-03-02,completed
645,171,41,4,2025-10-12,completed
646,56,26,5,2025-09-27,returned
647,83,18,4,2025-12-12,pending
648,34,37,5,2026-02-14,completed
649,196,44,3,2026-05-01,completed
650,32,2,4,2025-10-15,cancelled
651,1,30,4,2025-11-14,returned
652,34,45,2,2026-04-02,cancelled
653,24,18,2,2026-01-27,completed
654,171,24,1,2026-01-01,cancelled
655,161,26,1,2025-11-18,completed
656,168,28,2,2026-08-19,completed
657,123,14,1,2025-10-13,completed
658,175,34,2,2026-06-25,completed
659,109,8,3,2025-08-30,completed
660,99,15,1,2026-04-27,completed
661,95,21,1,2025-10-17,cancelled
662,193,50,4,2025-11-04,cancelled
663,136,5,2,2026-07-20,completed
664,90,29,2,2026-07-04,completed
665,158,27,2,2026-07-13,completed
666,36,7,1,2025-12-15,pending
667,110,23,4,2026-06-23,completed
668,166,18,2,2025-11-05,completed
669,185,39,5,2026-06-05,completed
670,78,43,1,2026-08-14,completed
671,192,13,5,2026-07-02,completed
672,127,16,1,2026-07-22,completed
673,153,41,4,2025-12-27,completed
674,34,21,3,2025-09-01,completed
675,140,24,4,2026-06-13,completed
676,151,2,1,2026-04-24,completed
677,16,3,2,2026-01-07,cancelled
678,161,19,5,2026-03-17,completed
679,103,45,4,2026-03-26,completed
680,40,40,5,2026-05-27,completed
681,53,33,1,2026-01-31,returned
682,101,21,5,2025-11-13,completed
683,179,20,1,2026-07-24,completed
684,23,16,1,2025-12-26,cancelled
685,156,40,4,2025-10-24,completed
686,4,8,2,2026-08-02,completed
687,128,11,1,2026-08-20,returned
688,67,47,5,2026-05-20,completed
689,31,47,3,2025-10-29,pending
690,70,28,3,2025-09-10,completed
691,20,41,5,2026-01-07,completed
692,128,4,3,2026-05-14,cancelled
693,66,11,3,2025-11-19,pending
694,190,15,1,2026-06-15,completed
695,12,16,1,2025-09-17,completed
696,10,12,2,2026-03-10,completed
697,83,15,4,2026-08-26,completed
698,147,5,3,2026-02-05,completed
699,58,12,1,2026-05-10,pending
700,120,5,4,2025-09-18,cancelled
701,142,6,3,2026-02-01,completed
702,145,19,2,2026-03-02,pending
703,95,30,2,2026-07-10,completed
704,140,47,2,2026-05-05,pending
705,105,1,2,2025-12-29,completed
706,178,41,3,2026-05-30,cancelled
707,169,49,1,2026-02-13,completed
708,136,14,1,2026-01-30,returned
709,37,4,4,2026-03-28,completed
710,134,15,1,2025-10-12,completed
711,22,48,4,2026-03-04,completed
712,101,41,2,2026-05-11,completed
713,170,28,1,2026-06-12,returned
714,81,17,3,2025-12-25,cancelled
715,116,21,3,2026-03-15,completed
716,200,9,2,2025-10-03,pending
717,43,7,2,2025-10-20,completed
718,138,8,4,2026-02-02,completed
719,119,20,4,2025-12-10,completed
720,176,11,1,2025-10-26,completed
721,56,3,5,2026-08-21,pending
722,183,6,2,2026-02-09,completed
723,13,33,4,2026-02-24,completed
724,104,2,2,2026-01-06,cancelled
725,25,16,5,2026-06-06,completed
726,16,1,1,2025-11-05,pending
727,103,13,2,2025-12-17,completed
728,151,38,1,2026-07-14,completed
729,51,5,1,2025-10-03,cancelled
730,85,6,2,2026-04-10,completed
731,147,11,1,2026-04-19,completed
732,98,2,4,2026-03-16,completed
733,48,14,3,2025-11-22,completed
734,158,3,2,2026-04-11,completed
735,106,32,3,2025-12-29,cancelled
736,72,6,1,2026-04-28,completed
737,135,42,2,2026-03-28,completed
738,183,25,1,2026-05-31,completed
739,145,23,4,2026-05-31,completed
740,7,12,3,2026-03-12,completed
741,72,50,1,2025-12-16,completed
742,197,23,5,2026-04-24,completed
743,64,7,2,2025-12-23,completed
744,15,48,5,2026-01-09,pending
745,91,25,5,2025-12-16,cancelled
746,152,16,2,2025-11-22,completed
747,8,38,3,2026-08-18,completed
748,37,37,5,2026-02-22,completed
749,80,35,4,2025-11-30,completed
750,60,4,1,2025-09-14,completed
751,1,31,5,2025-09-05,completed
752,88,9,2,2026-07-06,completed
753,38,2,1,2026-02-07,completed
754,94,34,1,2025-11-06,returned
755,26,38,4,2026-03-05,completed
756,188,11,2,2026-02-07,cancelled
757,82,42,4,2026-07-19,completed
758,58,23,5,2026-06-09,completed
759,188,20,4,2025-11-23,completed
760,1,47,2,2025-10-30,cancelled
761,146,50,4,2026-06-15,completed
762,57,40,3,2026-06-30,completed
763,85,10,4,2025-10-18,completed
764,43,21,3,2025-12-25,completed
765,3,29,3,2025-10-10,completed
766,66,23,1,2025-12-31,pending
767,113,25,1,2025-08-26,completed
768,97,32,4,2025-11-19,completed
769,148,31,1,2026-03-06,completed
770,116,11,2,2026-08-12,completed
771,82,2,3,2025-09-12,completed
772,44,22,1,2025-10-18,cancelled
773,24,36,1,2025-11-16,completed
774,8,46,4,2026-07-06,completed
775,112,39,2,2026-07-26,completed
776,49,14,3,2025-10-16,completed
777,170,17,5,2026-06-05,completed
778,101,4,1,2025-12-25,completed
779,93,4,2,2026-05-04,completed
780,161,43,3,2025-10-09,completed
781,53,2,1,2025-12-06,completed
782,30,31,1,2026-01-22,completed
783,170,32,4,2026-03-17,completed
784,48,25,5,2026-07-20,completed
785,115,12,3,2026-03-09,completed
786,58,17,4,2026-04-08,pending
787,193,10,1,2026-06-10,completed
788,89,43,1,2025-10-14,pending
789,142,15,5,2026-03-25,completed
790,138,27,5,2026-03-12,completed
791,122,16,5,2026-04-26,completed
792,147,33,1,2026-03-16,cancelled
793,31,10,5,2026-06-14,cancelled
794,55,11,2,2026-04-12,pending
795,21,28,1,2025-10-29,returned
796,38,41,2,2026-04-05,pending
797,18,47,3,2026-01-05,completed
798,84,36,4,2026-06-06,cancelled
799,180,1,4,2026-05-19,completed
800,107,8,4,2026-05-20,completed
801,195,38,5,2026-06-12,returned
802,200,37,1,2025-10-16,completed
803,106,23,5,2026-01-19,completed
804,156,37,4,2026-07-27,completed
805,37,26,3,2025-11-22,completed
806,102,3,4,2026-08-09,cancelled
807,191,4,2,2026-02-11,completed
808,87,2,3,2026-01-10,pending
809,126,18,3,2026-01-28,cancelled
810,35,15,1,2026-08-11,completed
811,187,18,3,2026-04-09,completed
812,114,13,1,2026-07-22,completed
813,133,49,4,2026-03-22,cancelled
814,17,11,5,2025-09-23,completed
815,200,9,4,2026-05-12,cancelled
816,50,12,1,2026-06-13,cancelled
817,9,16,1,2025-12-06,completed
818,95,18,2,2026-02-26,pending
819,32,41,4,2026-05-11,completed
820,153,32,3,2025-12-27,completed
821,90,36,5,2026-04-25,completed
822,8,19,1,2026-01-05,completed
823,55,50,5,2025-11-17,cancelled
824,53,44,2,2026-07-23,completed
825,200,2,5,2026-03-23,returned
826,34,31,1,2026-08-10,completed
827,65,15,1,2026-06-29,completed
828,97,28,3,2026-01-29,cancelled
829,120,14,3,2026-04-18,completed
830,150,26,5,2026-05-19,completed
831,166,36,3,2026-05-14,completed
832,28,44,3,2026-01-17,completed
833,84,41,3,2026-02-14,cancelled
834,39,13,3,2026-01-06,completed
835,104,39,1,2025-12-27,completed
836,7,47,2,2026-08-09,completed
837,104,27,3,2026-01-24,completed
838,147,46,5,2025-09-13,pending
839,137,44,2,2026-02-17,completed
840,77,33,3,2026-04-26,pending
841,76,12,5,2026-07-28,completed
842,144,47,3,2025-10-30,pending
843,23,42,3,2025-11-27,completed
844,85,27,3,2025-12-18,completed
845,31,30,3,2026-06-21,completed
846,159,38,5,2026-07-16,completed
847,175,8,5,2025-12-03,completed
848,39,4,4,2026-01-25,completed
849,146,27,3,2025-12-06,cancelled
850,184,21,2,2026-04-17,completed
851,162,22,4,2025-10-06,returned
852,116,1,1,2026-02-02,completed
853,41,49,5,2025-11-20,completed
854,112,40,2,2025-10-10,completed
855,99,31,4,2026-03-20,completed
856,96,47,2,2026-05-26,returned
857,5,13,5,2026-02-06,completed
858,178,15,2,2026-07-12,cancelled
859,99,7,2,2026-02-01,completed
860,12,5,2,2026-01-29,completed
861,134,47,4,2026-01-21,completed
862,35,44,4,2026-02-14,completed
863,49,49,3,2026-05-03,completed
864,58,15,1,2026-03-20,completed
865,6,47,2,2025-11-01,completed
866,183,24,1,2025-11-20,completed
867,66,41,4,2025-09-14,pending
868,13,39,1,2026-07-11,completed
869,177,4,1,2026-07-26,completed
870,141,8,4,2026-04-10,completed
871,178,14,2,2026-08-20,completed
872,170,27,3,2025-08-30,completed
873,156,40,3,2026-05-19,completed
874,185,33,1,2026-03-28,completed
875,128,7,1,2026-01-17,completed
876,52,34,3,2025-12-06,completed
877,11,11,3,2026-03-23,completed
878,61,22,4,2025-12-10,completed
879,147,8,1,2026-08-04,completed
880,131,50,1,2025-11-10,completed
881,60,42,3,2025-10-16,completed
882,13,30,3,2026-01-24,completed
883,93,19,1,2025-11-23,pending
884,30,48,4,2026-02-02,completed
885,170,9,1,2025-09-18,completed
886,160,29,3,2026-02-10,completed
887,47,22,3,2025-10-12,completed
888,99,18,4,2026-03-18,completed
889,43,42,4,2026-04-27,completed
890,27,11,1,2026-08-17,completed
891,174,37,4,2026-06-24,completed
892,92,50,4,2026-07-04,completed
893,125,31,2,2026-08-11,completed
894,17,3,4,2026-03-24,completed
895,174,46,1,2026-02-02,completed
896,172,15,5,2026-06-17,cancelled
897,180,45,5,2026-05-18,completed
898,89,31,2,2026-04-04,completed
899,143,10,4,2026-07-20,cancelled
900,165,1,1,2026-07-05,cancelled
901,43,32,4,2026-05-11,completed
902,85,16,3,2026-05-04,returned
903,141,15,5,2025-09-20,completed
904,118,6,2,2026-03-20,completed
905,128,6,4,2026-06-15,completed
906,168,48,4,2025-10-25,completed
907,143,3,4,2026-03-20,completed
908,164,40,5,2025-10-11,completed
909,168,14,5,2026-05-13,completed
910,58,4,3,2026-02-16,pending
911,159,50,5,2026-02-11,completed
912,116,46,3,2026-07-28,completed
913,88,1,2,2026-07-29,completed
914,134,36,3,2026-07-16,completed
915,127,11,1,2025-10-19,completed
916,157,17,1,2026-03-23,completed
917,118,14,4,2025-10-26,pending
918,194,7,3,2025-12-01,completed
919,198,8,5,2026-07-16,cancelled
920,35,33,5,2026-04-17,returned
921,13,48,5,2025-08-28,completed
922,131,31,5,2026-04-04,pending
923,188,12,5,2025-11-24,pending
924,154,43,4,2025-10-18,completed
925,108,25,5,2026-02-06,returned
926,102,18,2,2026-08-15,returned
927,36,9,4,2026-01-23,completed
928,180,20,5,2026-08-19,completed
929,56,41,5,2026-02-02,completed
930,89,44,3,2026-07-11,cancelled
931,139,33,2,2025-11-01,completed
932,91,49,1,2026-02-07,completed
933,182,43,5,2026-06-20,completed
934,4,28,3,2026-05-26,completed
935,14,10,4,2025-09-07,completed
936,42,49,3,2025-12-06,returned
937,16,10,3,2026-08-10,completed
938,139,49,2,2026-01-24,completed
939,173,40,1,2026-04-14,completed
940,61,25,5,2025-12-18,completed
941,171,45,3,2026-08-17,completed
942,176,27,4,2026-03-09,completed
943,191,1,1,2026-06-04,completed
944,163,15,4,2026-07-09,completed
945,151,49,3,2026-07-23,completed
946,186,50,2,2026-06-30,returned
947,175,12,4,2026-01-23,completed
948,97,8,5,2025-11-22,completed
949,34,17,5,2026-01-15,completed
950,120,22,1,2026-01-03,completed
951,83,10,1,2025-11-13,completed
952,78,43,5,2026-07-12,completed
953,19,23,5,2026-06-15,pending
954,48,15,5,2026-02-04,completed
955,140,27,2,2026-05-11,completed
956,55,15,3,2025-10-12,completed
957,56,19,3,2026-02-11,returned
958,144,31,5,2026-07-08,pending
959,172,8,1,2026-07-24,completed
960,63,40,5,2025-12-27,returned
961,30,25,3,2026-08-10,completed
962,133,2,3,2026-05-29,pending
963,115,33,5,2026-03-05,completed
964,132,21,2,2026-01-24,completed
965,138,50,2,2025-10-14,completed
966,172,14,1,2026-07-12,completed
967,53,7,4,2025-12-13,completed
968,19,42,4,2026-08-20,completed
969,184,30,1,2025-11-12,completed
970,46,4,1,2025-10-09,pending
971,59,37,1,2026-06-07,cancelled
972,162,29,4,2026-03-22,completed
973,173,25,1,2026-02-03,completed
974,194,5,5,2025-08-29,completed
975,129,23,1,2025-09-18,completed
976,23,39,3,2026-08-12,completed
977,170,26,4,2026-04-07,completed
978,35,15,5,2025-11-14,completed
979,37,41,3,2026-06-01,completed
980,142,1,3,2026-07-23,cancelled
981,2,3,1,2025-11-06,completed
982,22,36,5,2026-03-15,completed
983,166,27,2,2026-02-18,cancelled
984,57,12,2,2025-11-06,completed
985,47,8,2,2026-01-02,completed
986,141,49,1,2026-06-12,completed
987,172,19,1,2026-06-03,completed
988,149,47,2,2025-10-15,completed
989,172,9,3,2026-02-11,completed
990,18,40,3,2025-10-16,cancelled
991,85,29,4,2026-02-04,completed
992,145,10,5,2026-01-29,completed
993,2,11,4,2026-02-03,completed
994,93,18,4,2025-12-17,completed
995,115,30,4,2026-02-11,completed
996,28,36,4,2026-01-29,completed
997,36,18,1,2026-07-02,cancelled
998,161,47,3,2025-12-04,completed
999,162,33,1,2025-10-03,completed
1000,197,26,5,2026-06-19,completed
